testimony_id,no end,no beginning,comments,monologue,not segment and not monologue,pass or fail,time stamps in the file,only answers and not monologue,other,only questions,presence of odd words
irn504680,,,,,,0,,,,,
irn84371,,,,,,0,,,,,
irn510351,,,,,,0,,,,,
irn510739,0,0,,,,1,,,,,
irn510737,0,,,,,1,,,,,
irn506688,1,,,,1,1,,,,,1
irn506766,,1,,,,1,,,,,
irn504588,0,,,,,1,,,,,
irn509078,,,"PDF missing interview, some technical information about recording in transcript",,,1,,,,,1
irn506639,,,,,,0,,,,,
irn515643,0,,,,,1,,,,,
irn96024,,,,,,0,,,,,
irn508771,0,0,out of order and repeat questions,,1,1,,,1,,1
irn506694,,,,,,0,,,,,
irn35973,,,,,1,1,,,,,
irn47099,,,,,,0,,,,,
irn504568,,0,,,1,1,,,,,1
irn514105,1,,,,,1,,,,,
irn509155,,,,,,0,,,,,
irn510481,0,,,,,1,,,,,
irn510666,1,,,,,1,,,,,
irn506704,,,,,1,1,,,,,
irn511341,1,1,,,,1,,,,,
irn41495,,,,,,0,,,,,
irn513271,,,,,,0,,,,,
irn507505,1,0,,,,1,,,,,
irn506630,,,,,,0,,,,,
irn509179,,,"Parenthesis errors., a few segment erros",,1,1,,,,,1
irn508722,1,0,"PDF not transcript, ",,,1,,,,,
irn505560,0,1,,,1,1,,,,,1
irn515621,,0,,,,1,,,,,
irn511061,0,0,missing chunks of interview,,,1,,,1,,
irn508739,,1,missing parts of pdf,,1,1,,,1,,
irn511053,1,1,,,,1,,,,,
irn510747,,,"Sometimes, there is a third person labeled as VOICE",,1,1,,,1,,
irn510647,0,,"capitalisation error, but also present in PDF",,,1,,,1,,
irn504773,,,,,,0,,,,,
irn504452,,,,,,0,,,,,
irn510457,,0,"Begins with transcript details, non segmetation happens once. Transcript is interrupted with ""Interviewee:Dr. Margaret Ebert-----ME""",,1,1,,,,,1
irn515787,,,,,,0,,,,,1
irn509201,0,0,pdf doesn't contain formal beggining/ end,,,1,,,,,
irn510714,0,,,,,1,,,,,
irn504764,1,1,,,,1,,,,,
irn511238,1,1,,,1,1,,,,,1
irn511056,0,0,"missing the majority of the pdf, many processing errors",,,1,,,1,,
irn47857,,,,,,0,,,,,
irn511262,0,0,,,,1,,,,,1
irn504748,,,,,,0,,,,,
irn509157,,,,,,0,,,,,
irn506696,,,"The non-segmentation only occurs once or twice, errors not in the PDF. ",,1,1,,,,,
irn508253,,,,,,0,,,,,1
irn49549,,,,,,0,,,,,
irn510615,0,,"Error in the use of dashes, a double dash is used instead of single, ex. ""non -- Jewish"" instead of ""non-Jewish"". Ending statement is in the PDF, but not in the transcript. ",,,1,,,,,
irn510680,0,,,,,1,,,,,
irn504613,,,,,,0,,,,,
irn507298,,,,,,0,,,,,
irn504801,0,,,,,1,,,,,
irn510455,0,,,,,1,,,,,
irn510753,1,1,,,,1,,,,,
irn504895,,,,,,0,,,,,
irn504717,,,,,,0,,,,,
irn504889,,,,,,0,,,,,
irn41724,,,,,,0,,,,,
irn509225,0,0,Missing transcript,,,1,,,,,
irn510708,0,1,,,,1,,,,,
irn511063,1,1,Missing chunks of interview. ,,,1,,,1,,
irn511020,1,1,Missing chunks of interview. ,,,1,,,1,,
irn511673,1,1,"No transcript, PDF not found",,,1,,,1,,
irn504445,,,,,1,1,,,,,
irn511185,,,,,,0,,,,,
irn504884,,,,,,0,,,,,
irn504885,1,1,,,,1,,,,,
irn504585,,,,,,0,,,,,
irn504906,,,,,,0,,,,,
irn513719,0,,,,,1,,,,,
irn76757,1,1,,,1,1,1,,,,
irn511034,0,1,Segments missing,,,1,,,,,
irn511021,0,1,,,,1,,,,,1
irn508743,,0,,,,1,,,,,
irn506675,,,,,,0,,,,,
irn504578,,,,,,0,,,,,
irn509207,,,,,,0,,,,,
irn514132,,,Sometimes missing spaces between words,,,1,1,,,,
irn511318,0,1,,,,1,,,,,
irn510727,,,,,,0,,,,,
irn43017,1,1,"PDF version is very different from transcript, much longer, appears to be a book, not a interview testimony.",1,,1,,1,,,
irn511059,,1,"Parts of the PDF are missing, segments get caught off after one line. ",,,1,,,,,
irn504715,,,,,,0,,,,,
irn509218,1,,,,,1,,,,,
irn508639,0,,,,,1,,,,,
irn43244,,,"Missing spaces between words and symbols, errors not in the PDF. ",,,1,,,,,1
irn538178,1,,,,1,1,,,,,
irn511243,0,,Preface text at begginning,,,1,,,1,,
irn509102,0,0,Transcript is missing a lot.,,,1,,,,,1
irn511314,1,1,,,,1,,,,,1
irn506712,,,,,,0,,,,,
irn43024,0,1,,,,1,,,,,1
irn511024,0,0,"Lines cut off, missing chunks of interview. ",,,1,,,,,1
irn506742,1,,,,,1,,,,,1
irn512894,,,,,,0,,,,,
irn504535,,,"Instead of endnote label, document presents TPPT",,,1,,,1,,
irn510624,0,,,,,1,,,,,
irn504463,,,,,,0,,,,,
irn509199,0,,,,,1,,,,,
irn506679,,,"PDF is very different from transcript, PDF is a description of transcript. ",,,0,,,,,
irn505578,,,,1,,1,,,,,
irn506763,,,,,,1,1,,,,
irn508473,,1,,,,1,,,,,
irn41515,,,,,,0,,,,,
irn511027,,1,Begins with tape labels and camera calls. Has tape labels in testimony. ,,,1,,,,,
irn511064,,,"missing chunks of interview, lines cut-off, some words don't have spaces between them. ",,,1,,,1,,
irn511069,0,,"missing chunks of interview, lines cut-off, ",,,1,,,1,,
irn508682,1,,,,,1,,,,,
irn504903,1,1,,,,1,,,,,
irn510648,0,,,,,1,,,,,1
irn511257,0,0,,,,1,,,,,
irn508654,,1,"PDF is just a summary, no interview. ",,,1,,,,,1
irn504916,,,,,,0,,,,,
irn511345,1,1,,,,1,,,,,
irn506667,,,,,,0,,,,,
irn509118,,,,,,0,,,,,
irn506690,,,,,,0,,,,,
irn510675,0,,,,,1,,,,,
irn506743,,,,,,0,,,,,
irn510690,0,,,,1,1,,,,,
irn515644,,,,,,0,,,,,
irn511672,1,1,"No interview, PDF not found",,,1,,,1,,
irn508684,,,,,,0,,,,,
irn41865,,,,,,0,,,,,
irn511296,0,0,,,,1,,,,,1
irn531222,,,,,,0,,,,,
irn507583,,,,,,0,,,,,
irn508461,,,,,,0,,,,,
irn504872,1,,,,,1,,,,,
irn509675,,,,,,0,,,,,
irn511231,1,1,,,,1,,,,,1
irn518074,,,,,,0,,,,,
irn514102,,,,,,0,,,,,
irn504921,,,,,,0,,,,,
irn513365,1,,,,,1,,,,,
irn507290,1,,,,,1,,,,,
irn511663,,,"Missing interview, PDF not found.",,,1,,,1,,
irn514126,0,1,,,,1,,,,,1
irn504669,,,,,,0,,,,,
irn507486,,,Interview suddenyl interrupted by Preface text,,,1,1,,,,
irn508663,0,,,,,1,,,,,
irn38054,1,,,,,1,,,,,
irn503612,1,1,"pdf missing, interview info not complete",,,1,1,1,1,,
irn510636,1,1,,,,1,,,,,
irn508627,,0,,,,1,,,,,
irn510706,0,,,,,1,,,,,
irn42214,,,,,,0,,,,,
irn510682,,,,,,0,,,,,
irn504901,1,1,,,,1,,,,,
irn509119,0,,,,,1,,,,,
irn518063,,,,,,0,,,,,
irn511271,,0,,,,1,,,,,
irn539330,,,a few answers are labeled question,,,1,,,1,,
irn47382,,,,,,0,,,,,
irn511033,,1,Segments are missing. ,,,1,,,1,,
irn509678,,,No interview in PDF,,,0,,,1,,
irn516539,,,,,,,,,,,
irn42203,,,,,,0,,,,,
irn506702,,,,,,0,,,,,
irn510460,1,,,,,1,,,,,
irn508661,0,,"Two links to PDF, the first only leads to a summary of transcript. Missing ending statement. ",,,1,,,,,
irn511698,1,1,no interview or pdf,,,1,,,1,,
irn519799,,,,,,0,,,,,
irn507289,,,Non-segment only occurs a couple of times. ,,1,1,,,,,
irn511032,,0,missing chunks of interview in pdf,,,1,,,1,,
irn510713,,,,,,0,,,,,
irn514097,,,missing parts of interview ,,1,1,,,1,,
irn506573,0,,Begins by listing the note-taker,,,1,1,,1,,
irn504904,,,,,,0,,,,,
irn507286,,,,,,0,,,,,
irn511652,,,"Missing interview, PDF not found",,,1,,,1,,
irn511060,1,,,,,1,,,,,
irn505556,1,1,,,,1,,,,,1
irn513371,,,"Presence of details about the tape mid-interview, ""Side A"" etc. ",,,1,,,,,1
irn504832,,,,,,0,,,,,
irn504739,1,,,,,1,,,,,
irn506628,,,,,,0,,,,,
irn511630,0,,,,,1,1,,,,
irn96023,,,,,,0,,,,,
irn517206,,,,,,0,,,,,
irn511666,,,"Missing interview, PDF not found",,,1,,,1,,
irn508660,0,,,,,1,,,,,
irn505570,0,0,,1,,1,,,,,1
irn510474,0,,,,,1,,,,,
irn506728,,,,,,0,,,,,
irn518253,1,,,,,1,,,,,
irn509130,,,,,,0,,,,,
irn96010,,,,,,0,,,,,
irn515626,0,,PDF seems to be a summary/third person description of transcript,,,1,,,,,
irn510629,1,1,,,,1,,,,,
irn509158,1,,,,,1,,,,,
irn42206,,,,,,0,,,,,
irn49647,1,,,,,1,,,,,
irn41505,,,,,,0,,,,,
irn507557,,,,,,0,,,,,
irn507437,,,Preface text,,,1,,,1,,
irn509407,,,,,,0,,,,,
irn510607,1,1,,,,1,,,,,
irn511322,1,1,,,,1,,,,,1
irn41519,,,,,,0,,,,,
irn507294,1,,,,,1,,,,,
irn512511,1,1,"Missing interview, PDF not found",,,1,,,,,
irn509058,,,,,,0,,,,,
irn509079,1,,"PDF is just a summary of transcript, missing transcript in PDF",,,1,,,,,
irn506720,1,,,,,1,,,,,
irn518984,,,Non-segment only occurs once,,1,1,,,,,
irn38079,,,,,,0,,,,,
irn514926,0,,"""End of tape four..."" in middle of interview, Preface text at beginning",,,1,,,1,,
irn510670,,,,,,0,,,,,
irn37871,,,,,1,1,,,,,
irn504896,1,1,,,,1,,,,,1
irn506719,,,,,,0,,,,,
irn508683,,,,,,0,,,,,
irn507489,,1,,,,1,1,,,,
irn510728,0,,,,,1,,,,,
irn508788,0,,Begins with odd text. ,,,1,,,1,,
irn510711,0,,,,,1,,,,,
irn511677,,,"Missing interview, PDF not found",,,1,,,1,,
irn510694,1,,,,,1,,,,,
irn511696,,,"Missing interview, PDF not found",,,1,,,1,,
irn509149,,,,,,0,,,,,
irn511058,0,1,Chunks of interview missing. PDF seems to be missing the interviewers' questions as well. ,,,1,,1,,,
irn506714,,,,,,0,,,,,
irn506671,1,,,,,1,,,,1,
irn41504,,,,,,0,,,,,
irn506700,,1,,,,1,,,,,
irn509061,,,,,,0,,,,,
irn504660,,,,,,1,1,,,,
irn504899,,,,,,0,,,,,
irn74541,,,"Unidentified speaker non-segmented, also, some of the fragments of unidentified speaker appear in the PDF but not he online transcript",,,1,,,1,,
irn504835,,,,,,0,,,,,
irn504923,,,,,,0,,,,,
irn84819,,,,,,0,,,,,
irn77778,,,,,,0,,,,,
irn59190,,,,,,0,,,,,
irn508668,,,"""Tape 1 side 2"" in the middle of interview",,,1,,,,,1
irn510745,,,,,,,,,,,
irn506695,,,,,,0,,,,,
irn508775,0,0,,,1,1,,,,,
irn517852,,,,,,0,,,,,
irn514874,,,,,,,,,,,
irn502341,,,,,,0,,,,,
irn505584,,,"Begins with Preface text, and ends with details of tape",1,,1,,,1,,1
irn41719,,,,,,,,,,,
irn504441,,,Missing spaces between words and symbols. ,,,1,,,,,1
irn508494,1,1,,,,1,,,,,
irn510658,1,,,,,1,,,,,
irn513722,,,,,,,,,,,
irn511051,1,1,"missing chunnks of interview, spacing",,,1,,,1,,
irn96021,,,,,,0,,,,,
irn508727,1,1,,,,1,,,,,
irn506646,,,,,,,,,,,
irn518490,,,,,,0,,,,,
irn516148,,,,,,0,,,,,
irn504890,1,,missing part of transcript,,,1,,,1,,
irn510699,,,,,,,,,,,
irn506731,,,,,,0,,,,,
irn41499,,,,,,0,,,,,
irn37541,1,,,,,1,,,,,
irn514469,,,Parenthesis error.,,,1,,,,,1
irn508679,,,,,,0,,,,,
irn508466,,,,,,,,,,,
irn506683,,,,,,0,,,,,
irn506665,,,,,,0,,,,,
irn510464,0,,,,,1,,,,,
irn509736,,,,,,0,,,,,
irn508726,0,,,,,1,,,,,1
irn508622,,0,,,,1,,,,,1
irn510742,0,1,,,1,1,,,,,1
irn510472,0,0,,,1,1,,,,,
irn511269,1,0,,,1,1,,,,,1
irn511336,0,1,,,,1,,,,,
irn510700,0,,,,,1,,,,,
irn511675,1,1,"Missing, pdf not found",,,1,,,,,
irn504672,,,,,,0,,,,,
irn504724,,,,,,0,,,,,
irn510705,1,,,,,1,,,,,
irn39795,,,,,,0,,,,,
irn510655,0,,,,,1,,,,,
irn513716,,,,,,0,,,,,
irn504806,,,,,,0,,,,,
irn510678,,,,,,0,,,,,
irn82740,,,,,,0,,,,,
irn508692,,,,,,0,,,,,
irn511264,1,1,,,,1,,,,,1
irn511667,,,interview and pdf blank,,,,,,1,,
irn511320,0,1,,,,1,,,,,1
irn510673,0,,Non-segmented error occurs only a couple of times. ,,1,1,,,,,
irn510487,1,,include date,,,1,,,,,
irn507561,,,,,,0,,,,,
irn506697,,,,,,0,,,,,
irn508634,,,"strange arrows, three links to PDF",,,1,,,1,,
irn507292,1,,,,,1,,,,,
irn515623,1,,,,,1,,,,,
irn504428,,,,,,0,,,,,
irn510480,1,,,,1,1,,,,,
irn511261,0,,"Begins with odd text and a summary of the transcript, probably data processing error",,,1,,,1,,
irn511287,0,0,,,,1,,,,,
irn507579,,,,,,0,,,,,
irn504933,,,,,,0,,,,,
irn505559,,0,,,1,1,,,,,1
irn505582,0,0,,,1,1,,,,,
irn59191,1,,,,,1,,,,,
irn508790,,0,beggining contains a part of the doc that isn't the interview,,,1,,,,,
irn506707,,,,,,0,,,,,
irn531225,,,non-segment only happens once,,1,1,,,,,
irn508736,1,0,,,,1,,,,,
irn511346,1,1,,,,1,,,,,
irn42728,,,,,,0,,,,,
irn510659,1,,,,,1,,,,,
irn511323,0,0,,,,1,,,,,
irn509133,1,1,contains abstract,,,1,,,1,,1
irn506748,,,,,,0,,,,,
irn74538,,0,,,,1,,,,,
irn509152,,,,,,0,,,,,
irn510114,,,,,,0,,,,,
irn504887,,,,,,0,,,,,
irn510685,1,,,,,1,,,,,
irn511018,1,0,,,1,1,,,,,1
irn517613,,,,,,0,,,,,
irn76764,0,,,,,1,1,,,,
irn84331,0,0,"No interview, missing",,,1,1,,,,
irn513375,0,,"acceptable end, but doesn't match pdf",,,1,,,,,
irn510606,1,1,,,,,,,,,
irn510612,1,1,,,,1,,,,,
irn510736,1,0,,,,1,,,,,
irn504815,1,,,,,1,,,,,
irn76711,,,,,,0,,,,,
irn504727,,,Non-segment only happens a couple of times. ,,1,0,,,,,
irn504697,,1,,,,1,,,,,
irn510465,0,,,,,1,,,,,
irn504579,1,,,,,1,,,,,
irn510456,1,,,,,1,,,,,
irn510669,0,,Non-segment only happens once,,1,1,,,,,
irn510671,1,,,,,1,,,,,
irn42014,,,,,,0,,,,,
irn511303,0,0,Non-segments happen in parts where SIDI speaks. ,,1,1,,,,,
irn511230,1,1,,,,1,,,,,1
irn515007,,,,,,0,,,,,
irn510657,0,,,,,1,,,,,
irn510688,,,,,,0,,,,,
irn511229,1,1,,,,1,,,,,1
irn507578,,,,,,0,,,,,
irn514183,,,Non-segment only occurs a couple of times. ,,1,1,,,,,
irn504605,,,,,,0,,,,,
irn510667,0,,,,,1,,,,,
irn506703,,,,,,0,,,,,
0,,,,,,,,,,,
irn504768,1,0,,,,1,,,,,
irn512536,,,"missing arouns 3/4 of interview, even in PDF, interview not exactly structured question and answer",,,1,1,,1,,
irn518489,,,,,,0,,,,,
irn506634,,,"First lines are not segmented, ",,1,1,,,,,
irn504908,,,,,,0,,,,,
irn41498,,,,,,0,,,,,
irn76709,,,,,,0,,,,,
irn506523,,,"Missing chunks of interview, lines cut-off. ",,,1,,,1,,
irn504713,,,"Missing chunks of interview, many of the answers. ",,,1,,,1,,
irn513362,,,,,,0,,,,,
irn511664,,,"Missing interview, PDF is available. ",,,1,,,1,,
irn509195,,,"""End of tape two"" in middle of interview",,,1,,,,,1
irn506670,,,,,,0,,,,,
irn518937,,,,,,0,,,,,
irn504913,,,,,,0,,,,,
irn519093,,,,,,0,,,,,
irn515631,,,,,,0,,,,,
irn508694,0,,,,,1,,,,,
irn504709,,,,,,0,,,,,
irn505585,0,,"Preface text at beginning, Tape information at end. ",,1,1,,,,,1
irn508730,,,,,,0,,,,,
irn76761,,,Not segmented between interviewer and speaker,,1,1,1,,,,
irn42208,,,,,,,,,,,
irn506636,,,,,,0,,,,,
irn510752,,,,,,0,,,,,
irn506673,,,"Non-segment only occurrs a couple of times, information about tape mid-interview ""[break]""",,1,1,,,,,
irn507287,,,,,0,0,,,,,
irn39436,,,,,,0,,,,,
irn508733,0,,,,,1,,,,,
irn508655,1,,,,,1,,,,,
irn504840,,,,,,,,,,,
irn504868,,,,,,,,,,,
irn518786,,,,,,,,,,,
irn508719,,,,,,,,,,,
irn509217,,,,,,,,,,,
irn505575,,,,,,,,,,,
irn505563,,,,,,,,,,,
irn42218,,,,,,,,,,,
irn511025,,,,,,,,,,,
irn507434,,,,,,,,,,,
irn511352,,,,,,,,,,,
irn510724,,,,,,,,,,,
irn505557,,,,,,,,,,,
irn514865,,,,,,,,,,,
irn511245,0,,Preface text at the beginning,,,1,,,1,,
irn513372,0,,"Missing the very last line, but it's just the interviewer responding",,,1,,,,,
irn538189,,,Ends with technical information about tape. ,,1,1,,,1,,
irn506691,,,,,,0,,,,,
irn504581,,,,,,0,,,,,
irn505562,0,,"Preface text in the beginning, odd words at the end",,1,1,,,1,,1
irn511276,0,,Preface text in the beginning,,,1,,,1,,
irn510459,,,,,,,,,,,
irn510453,,,,,,,,,,,
irn511661,,,,,,,,,,,
irn508260,,,,,,,,,,,
irn511349,,,,,,,,,,,
irn504675,,,,,,,,,,,
irn511691,,,,,,,,,,,
irn507556,,,,,,,,,,,
irn514242,,,,,,,,,,,
irn509198,,,,,,,,,,,
irn504826,,,,,,,,,,,
irn39792,,,,,,,,,,,
irn504520,,,,,,,,,,,
irn504804,,,,,,0,,,,,
irn511281,,,,,,,,,,,
irn514118,0,,Presence of odd words related to tape information,,,1,1,,,,1
irn42204,,,,,,,,,,,
irn506717,,,,,,0,,,,,
irn512782,,,,,,0,,,,,
irn508255,,,,,,,,,,,
irn508720,,,,,,,,,,,
irn506652,1,1,,,,1,,,,,
irn511047,,1,missing chunks of pdf,,,1,,,1,,
irn509138,1,0,,,,1,,,,,1
irn508802,,,,,,,,,,,
irn504803,1,1,,,,1,,,,,
irn506737,,,,,,0,,,,,
irn510729,,,,,,0,,,,,
irn508635,,,,,,,,,,,
irn96012,,,,,,0,,,,,
irn516733,,,,,,,,,,,
irn39788,,,,,,,,,,,
irn42017,,,,,,,,,,,
irn514875,,,,,,,,,,,
irn504696,,,,,,,,,,,
irn504934,,,,,,,,,,,
irn504875,,,,,,,,,,,
irn504937,,,,,,,,,,,
irn39026,,,,,,,,,,,
irn505573,,,,,,,,,,,
irn510486,1,,"beggining deviation from pdf, single segmentation issue",,1,1,,,1,,
irn504842,,,,,,0,,,,,
irn504728,,,,,,,,,,,
irn515622,,,,,,0,,,,,
irn505580,,,,,,,,,,,
irn510696,,,,,,,,,,,
irn508647,,,,,,,,,,,
irn42272,,,,,,,,,,,
irn504927,,,,,,,,,,,
irn509709,,,,,,,,,,,
irn509219,,,,,,,,,,,
irn506708,,,,,,,,,,,
irn506554,,,,,,,,,,,
irn509185,,,,,,,,,,,
irn507526,,,,,,,,,,,
irn510693,,,,,,0,,,,,
irn506627,,,,,,,,,,,
irn510479,,,,,,,,,,,
irn54250,,,,,,,,,,,
irn508741,,,,,,,,,,,
irn509203,1,,beginning deviation from pdf,,,1,,,1,,
irn42205,,,,,,,,,,,
irn504637,,,,,,0,,,,,
irn48151,,,,,,,,,,,
irn517891,1,1,,,1,1,,,,1,1
irn517612,,,,,,,,,,,
irn507524,,,,,,,,,,,
irn504542,,,,,,,,,,,
irn39242,,,,,,0,,,,,
irn504456,0,1,,,,1,,,,,
irn507491,0,,"Preface text, ",,,1,1,,1,,1
irn504736,,,,,,1,,,,,1
irn518252,,,,,,,,,,,
irn507492,0,,"Preface text, ",,,1,1,,,,
irn511270,0,,"Preface text, a lot of (? inaudible ?), which is different from the general format of [inaudible]",,,1,,,,,
irn508493,,,,,,,,,,,
irn511674,,,,,,,,,,,
irn508724,,,,,,,,,,,
irn507375,,,,,,,,,,,
irn508254,,,,,,,,,,,
irn505571,,,,,,,,,,,
irn41503,,,,,,,,,,,
irn506635,,,,,,,,,,,
irn508649,,,,,,,,,,,
irn511019,,,,,,,,,,,
irn506727,,,,,,,,,,,
irn538191,,,spacing issues,1,1,1,,,1,,
irn511057,,,"Missing chunks of iterview, lines cut-off, many words missing spaces between eachother",,,1,,,1,,
irn96025,,,"Non-segment only occurs a couple of times, ",,1,1,,,,,
irn508801,,,,,,,,,,,
irn41723,,,,,,,,,,,
irn96009,,,,,,,,,,,
irn511629,0,0,,,,1,1,,,,
irn508464,,,,,,0,,,,,
irn506661,0,,Many [indecipharable] in the transcript,,,1,,,,,
irn510454,0,,"Begins with technical text about tape, has strange dash-lines in the middle of the interview",,,1,,,,,
irn76756,,,,,,,,,,,
irn506632,,,,,,,,,,,
irn507534,,,,,,,,,,,
irn507376,,,,,,,,,,,
irn505567,,,,,,,,,,,
irn42207,,,,,,0,,,,,
irn513321,,,"Chunks missing, lines get cut-off",,1,1,1,,1,,
irn511184,,,,,,0,,,,,
irn82916,,,,,,,,,,,
irn41507,,,,,,,,,,,
irn515272,,,,,,,,,,,
irn38062,,,,,,,,,,,
irn511331,,,,,,,,,,,
irn504914,,,,,,,,,,,
irn510641,,,,,,,,,,,
irn509223,,,,,,,,,,,
irn509080,,,,,,,,,,,
irn518905,,,,,,,,,,,
irn506625,,,,,,,,,,,
irn510470,,,,,,,,,,,
irn504917,0,,pdf not found,,,1,,,1,,
irn511646,,,Missing interview,,,1,,,1,,
irn504834,,,,,,0,,,,,
irn511065,,,,,,,,,,,
irn41509,,,,,,,,,,,
irn42018,,,,,,,,,,,
irn509211,,,,,,,,,,,
irn47889,,,,,,,,,,,
irn511244,,,,,,,,,,,
irn509196,,,,,,,,,,,
irn509182,,,,,,,,,,,
irn508672,,,,,,,,,,,
irn510748,,,,,,,,,,,
irn504816,,,,,,,,,,,
irn515646,,,,,,,,,,,
irn511679,,,,,,,,,,,
irn507296,,,,,,,,,,,
irn510668,1,,beginning deviation from pdf,,,1,,,1,,
irn510637,,,,,,,,,,,
irn508952,,,,,,,,,,,
irn504427,,,,,,,,,,,
irn511333,,,,,,,,,,,
irn54253,,,,,,,,,,,
irn510660,0,,,,,1,,,,,
irn511275,0,,"Preface text at the beginning, ",,,1,,,1,,
irn507495,0,,"Preface text at the beginning, Tape break information mid-interview, some parts non-segmentes",,1,1,,,1,,1
irn512295,,,,,,0,,,,,
irn503660,,,,,,,,,,,
irn95256,,,,,,,,,,,
irn74542,,,,,,,,,,,
irn511650,,,,,,,,,,,
irn507490,,,,,,,,,,,
irn510695,,,,,,,,,,,
irn507461,,,,,,,,,,,
irn505568,,,,,,,,,,,
irn42031,,,,,,,,,,,
irn504883,,,,,,,,,,,
irn515625,,,,,,0,,,,,
irn510684,,,,,,0,,,,,
irn509150,,,,,,,,,,,
irn513377,,,,,,,,,,,
irn504753,,,,,,,,,,,
irn504625,,,,,,,,,,,
irn508625,,,,,,,,,,,
irn504841,1,,,,,1,,,,,
irn509167,,,,,,0,,,,,
irn511289,1,0,,,,1,,,,,1
irn509163,,,,,,1,,,,,1
irn42216,,,,,,0,,,,,
irn518916,,,,,,0,,,,,
irn510676,,,,,,,,,,,
irn507562,,,,,,,,,,,
irn509099,,,,,,,,,,,
irn504931,,,,,,,,,,,
irn511026,,1,"Parts of interview missing, lines cut-off",,,1,,,,,1
irn509178,,,,,,0,,,,,
irn54249,1,,,,,1,,,,,
irn41506,,,,,,,,,,,
irn508772,,,,,,,,,,,
irn505581,,,,,,,,,,,
irn508700,,,,,,,,,,,
irn506450,,,,,,,,,,,
irn511337,,,,,,,,,,,
irn506722,,,,,,,,,,,
irn504582,,,,,,,,,,,
irn513273,,,,,,0,,,,,
irn504677,,,,,,0,,,,,
irn504851,,,,,,,,,,,
irn510743,,,,,,,,,,,
irn47396,,,,,,,,,,,
irn513274,,,,,,,,,,,
irn510697,1,1,,,,1,1,,,,
irn76759,,,,,,,,,,,
irn507584,,,,,,0,,,,,
irn35788,,,,,,0,,,,,
irn508723,,,,,,,,,,,
irn508698,,,,,,,,,,,
irn508471,,,,,,0,,,,,
irn513374,0,,,,,1,,,,,
irn517506,,,,,,,,,,,
irn511292,,,,,,,,,,,
irn514210,,,,,,,,,,,
irn516732,,,,,,,,,,,
irn506718,,,,,,,,,,,
irn510701,,,,,,,,,,,
irn504454,,,,,,,,,,,
irn38082,,,,,,,,,,,
irn506725,,,,,,,,,,,
irn41496,,,,,,0,,,,,
irn508637,,1,beginning deviation from pdf,,,1,,,1,,1
irn509222,,,"processing issues, chunks missing",,,1,,,1,,
irn509224,,1,questions are labeled as answers and vise versa,,,1,,,1,,
irn41726,,,,,,,,,,,
irn504767,,,,,,,,,,,
irn41518,,,,,,,,,,,
irn515630,,,,,,,,,,,
irn505583,,,,,,,,,,,
irn514136,,,,,,,,,,,
irn504462,,,,,,,,,,,
irn506642,,,,,,0,,,,,
irn519108,,,,,,,,,,,
irn510643,,,,,,,,,,,
irn510625,1,1,large deviation from pdf,,,1,,,1,,
irn41511,,,,,,0,,,,,
irn510468,1,0,both issues in end,,,1,,,1,,
irn504685,,,,,,,,,,,
irn504624,,,,,,,,,,,
irn36882,,,,,,,,,,,
irn509183,,,,,,0,,,,,
irn510645,,,,,,,,,,,
irn510323,1,,,,,1,,,,,
irn511640,,,,,,,,,,,
irn504808,,,,,,,,,,,
irn511654,,,,,,,,,,,
irn504893,,,,,,,,,,,
irn511070,,,,,,,,,,,
irn507303,,,,,,,,,,,
irn511049,0,1,missing chunks of pdf in processing,,,1,,,1,,
irn59194,,,,,,0,,,,,
irn90099,,,,,,0,,,,,
irn504544,1,,,,,1,,,,,
irn508721,,0,,,,1,,,,,
irn508732,,,,,,,,,,,
irn508728,,,,,,,,,,,
irn518431,,,,,,,,,,,
irn510734,,,,,,0,,,,,
irn510458,,,Begins with technical information about interview,,,1,,,1,,
irn514101,,,,,,0,,,,,
irn508691,,,,,,,,,,,
irn504867,,,,,,,,,,,
irn514844,,,,,,,,,,,
irn508262,,,,,,,,,,,
irn505561,,,,,,,,,,,
irn504747,,,,,,,,,,,
irn507571,,,,,,,,,,,
irn506767,,,,,,0,,,,,
irn47822,,,words processed without spacing,,,1,,,1,,
irn517248,,,,,,,,,,,
irn520748,,,,,,0,,,,,
irn506631,,,,,,0,,,,,
irn508747,,,,,,,,,,,
irn510741,,,,,,,,,,,
irn504935,,,,,,,,,,,
irn506710,,,,,,,,,,,
irn508640,,,,,,,,,,,
irn510482,,,,,,,,,,,
irn44419,,,,,,,,,,,
irn41502,,,,,,0,,,,,
irn511052,1,1,chunks of pdf missing in transcription,,,,,,1,,
irn508756,,,,,1,1,,,,,
irn506641,,,,,,,,,,,
irn45193,,,,,,,,,,,
irn510679,,,,,,,,,,,
irn505572,,,,,,,,,,,
irn57423,,,,,,,,,,,
irn511278,,,,,,,,,,,
irn508670,,,,,,,,,,,
irn504794,,,,,,,,,,,
irn185375,,,,,,0,,,,,
irn509172,0,,,,,1,,,,,
irn511274,,,Preface text at the beginning,,,1,,,,,
irn506744,,,,,,,,,,,
irn510653,0,,,,,1,,,,,
irn514868,,,,,,,,,,,
irn510723,0,,,,,1,,,,,
irn42211,,,,,,,,,,,
irn511078,,,,,,,,,,,
irn510620,,,,,,,,,,,
irn509141,0,,"Odd text at beginning, ",,,1,,,1,1,
irn508693,,,,,,,,,,,
irn96011,,,,,,,,,,,
irn507550,,,,,,,,,,,
irn504925,,,,,,,,,,,
irn511048,,,,,,,,,,,
irn511291,,,,,,,,,,,
irn508725,,,,,,,,,,,
irn504810,,,,,,,,,,,
irn505565,,,,,,,,,,,
irn505553,,,,,,,,,,,
irn508470,,,,,,0,,,,,
irn78261,,,,,,,,,,,
irn36771,,,,,,,,,,,
irn508738,,,,,,,,,,,
irn503606,,,,,,,,,,,
irn504894,,,,,,,,,,,
irn504553,1,,,,,1,,,,,
irn510461,1,0,end deviation from pdf,,,1,,,1,,
irn510619,1,1,,,,1,,,,,
irn509060,,1,,,,1,,,,,
irn538176,,,,,,,,,,,
irn508689,0,,,1,1,1,,,,,
irn505566,,,,,,,,,,,
irn510467,,,,,,,,,,,
irn506740,,,,,,0,,,,,
irn510686,,,,,,,,,,,
irn510632,,,,,,,,,,,
irn505579,1,1,"large deviation from pdf, answers/questions not labeled",,1,1,,,1,,
irn510730,,,,,,0,,,,,
irn508316,,,,,,0,,,,,
irn506626,,,,,,0,,,,,
irn538186,,,,1,1,1,,,,,1
irn507293,1,,,,,1,,,,,
irn36914,1,,,,,1,,,,,
irn509190,0,0,,,,1,,,,,
irn504461,1,,both issues in end,,,1,,,1,,
irn42213,,,,,,0,,,,,
irn504641,,,,,,0,,,,,
irn511050,0,0,missing chunks of transcription,,,1,,,,,1
irn43897,,,,,,0,,,,,
irn504915,,,,,,0,,,,,
irn38063,1,,,,,1,,,,,
irn508737,0,,,,,1,,,,,
irn508688,0,,,,,1,,,,,
irn519107,1,,,,1,1,,,,,
irn511354,1,1,end deviation pdf,,,1,,,1,,
irn511067,,1,"beginning deviation pdf, missing chunks of transcription",,,1,,,1,,
irn508671,1,1,end deviation pdf,,,1,,,,,
irn504469,,,,,,0,,,,,
irn510702,1,,,,,1,,,,,
irn504856,1,,,,,1,,,,,
irn511260,1,1,,,,1,,,,,1
irn510707,0,,,,,1,,,,,
irn511237,1,1,large deivation from pdf,,,1,,,,,
irn508667,,,,,,0,,,,,
irn59199,,,,,,0,,,,,
irn506637,,,pdf not found,,,1,,,1,,
irn508646,1,,end deviation from pdf,,,1,,,1,,
irn59193,,,,,,0,,,,,
irn504629,,,,,,0,,,,,
irn506726,,,,,,0,,,,,
irn510477,1,0,end deviation pdf,,,1,,1,,,
irn505577,,,,,,,,,,,
irn511267,1,1,both issues in beginning and end,,,1,,,1,,1
irn511653,,,missing pdf nd transcription,,,1,,,1,,
irn518702,,1,,,,1,,,,,
irn508632,1,1,large deviation from pdf,,,1,,,,,1
irn518264,0,,,,,1,,,,,
irn508685,0,,,,1,1,,,,,
irn504849,,,,,,0,,,,,
irn504740,1,,,,,1,,,,,
irn509202,1,,both issues in end,,,1,,,1,,
irn538192,,,,1,,1,,,,,
irn506715,,,,,,0,,,,,
irn509676,,,,,,0,,,,,
irn511023,,0,,,,1,,,,,1
irn511247,1,1,deviation from pdf in begining/end,,,1,,,1,,1
irn76763,0,,questions and answers not labeled,,1,1,1,,,,
irn506699,,,,,,0,,,,,
irn504429,,,,,,0,,,,,
irn506736,,,,,,0,,,,,
irn501895,,,,,,0,,,,,
irn511077,0,0,missing chunks of transcription,,1,1,1,,1,,1
irn509125,1,,,,,1,,,,,
irn508653,0,,,,,1,,,,,
irn509085,0,,,,,1,,,,,
irn42209,,,,,,0,,,,,
irn508734,0,,,,,1,,,,,1
irn516104,1,,,,,1,,,,,
irn74540,,,,,,0,,,,,
irn511334,1,1,large deviation from pdf,,,1,,,1,,1
irn504682,,,,,,0,,,,,
irn504926,,,,,,0,,,,,
irn508658,0,,,,,1,,,,,
irn511235,1,0,missing last line,,,1,,,1,,1
irn510751,0,,,,,1,,,,,
irn510681,0,,,,,1,,,,,
irn509100,1,1,both issues in end,,,1,,,1,,
irn511686,,,pdf not found and text not denoted as question/answers,,,1,,,1,,
irn511295,1,1,large deviation from pdf,,,1,,,1,,
irn506643,,,,,,0,,,,,
irn62053,,,pdf but no transcription,,,1,,,1,,
irn46884,,,,,,0,,,,,
irn508650,,,,,,0,,,,,
irn507299,,,,,,,,,,,
irn506633,,,,,,0,,,,,
irn511659,,,missing pdf and transcription,,,1,,,1,,
irn513370,,,missing majority of pdf,,,1,,,1,,
irn511350,1,1,both issues in end,,,1,,,1,,
irn506746,0,,,,,1,,,,1,
irn508681,,,,,,,,,,,
irn508638,,0,,,,1,,,,,1
irn506750,,,,,,0,,,,,
irn504897,,,,,,0,,,,,
irn510656,0,,,,,1,,,,,
irn515640,1,,end deviation from pdf,,,1,,,1,,
irn509083,,,,,,,,,,,
irn511342,,,,,,,,,,,
irn510721,,,,,,,,,,,
irn510471,,,,,,,,,,,
irn504614,,,,,,,,,,,
irn515641,,,,,,,,,,,
irn507291,,,,,,,,,,,
irn525817,,,,,,,,,,,
irn504723,,,,,,,,,,,
irn508463,,,,,1,1,,,,,
irn504831,1,,end deviation from pdf,,,,,,,,
irn510735,,1,,,,1,,,,,
irn508680,0,,,,,1,,,,,
irn509175,1,1,large deviation from pdf,,,1,,,,,1
irn511680,,,"fragment of transcription, missing pdf",,,1,,,,,1
irn41501,,,,,,1,,,,,
irn506753,,,,,,0,,,,,
irn506733,,1,,,,1,,,,,
irn42019,1,,,,,1,,,,,
irn508735,0,,,,,1,,,,,
irn510683,,,,,,0,,,,,
irn514867,,,,,,0,,,,,
irn509147,1,,ending deviates from pdf,,,1,,,1,,
irn82915,,,,,,0,,,,,
irn504852,1,,,,,1,,,,,
irn504845,,,,,,0,,,,,
irn510665,0,,,,,1,,,,,
irn508696,,,,,,0,,,,,
irn504646,1,,,,,1,,,,,
irn508641,,0,,,,1,,,,,1
irn515649,0,,,,,1,,,,,
irn508257,,,,,,0,,,,,
irn76758,1,1,,,1,1,1,,,,
irn504855,1,,end deviation from pdf,,,1,,,1,,
irn517856,1,,,,,1,,,,,
irn509708,1,,,,,1,,,,,
irn506747,,,,,,0,,,,,
irn506644,,,,,,0,,,,,
irn504928,,,,,,0,,,,,
irn505574,,,,,,,,,,,
irn36532,1,1,large deviation from pdf,,,1,,,1,,
irn511268,1,1,,,,1,,,1,,
irn515639,1,,both issues in end,,,1,,,1,,
irn506705,1,,,,,1,,,,,
irn509156,0,0,signifigant difference from pdf,,,1,1,,1,,
irn510732,0,,,,,1,,,,,
irn506752,,,,,,0,,,,,
irn509382,,,,,,0,,,,,
irn510733,,,,,,,,,,,
irn504734,1,1,,,,1,,,,,
irn505576,1,1,"large deviation from pdf, questios/answers not specified",,1,1,,,1,,1
irn506574,1,1,"large deviation, missing chunks of transcription",,,1,,,1,,
irn504430,,,,,,0,,,,,
irn511066,1,1,"large deviation from pdf, missing chunks of transcription",,,1,,,1,,
irn509082,0,,,,,1,,,,,
irn59539,1,,,,,1,,,,,
irn504607,,,,,,1,1,,,,
irn510674,1,,end deviation from pdf,,,1,,,1,,
irn511660,,,"pdf not found, questions and answers not specified",,,1,,,1,,
irn40106,,,,,,0,,,,,
irn508706,1,,,,,1,,,,,
irn42212,,,,,,0,,,,,
irn510709,1,,both issues in end,,,1,,,1,,
irn511263,1,1,"beginning deviates from pdf, end cut short",,,1,,,1,,
irn42217,,,,,1,1,,,,,
irn511338,,1,processes extraneous parts of pdf,,,1,,,1,,1
irn504912,1,,,,,1,,,,,
irn509193,1,,both issues in end,,,1,,,1,,
irn515619,0,,,,,1,,,,,
irn510710,1,,end deviation from pdf,,,1,,,1,,
irn506721,,,,,,0,,,,,
irn74534,,,,,,0,,,,,
irn506653,,,,,,0,,,,,
irn36918,,,,,,0,,,,,
irn85511,0,,,,,1,,,,,
irn511695,,,missing pdf and transcript,,,1,,,1,,
irn515632,1,1,large deivation from pdf,,,1,,,1,,
irn511046,1,1,missing chunks of transcription from pdf,,,1,,,1,,
irn508695,q,,both issues in end,,,1,,,1,,
irn506640,,,,,,0,,,,,
irn511521,1,,,,,1,,,,,
irn47384,,,,,,0,,,,,
irn506701,,,,,,0,,,,,
irn509098,0,,,,,1,,,,,
irn506698,,,,,,0,,,,,
irn511258,1,1,begining and end have large deviations from pdf,,,1,,,,,1
irn508468,,,,,,0,,,,,
irn538194,1,,end deviation from pdf,,,1,,,1,,
irn506713,,,,,,0,,,,,
irn515647,0,0,,,,1,,,,,1
irn504900,,,,,,0,,,,,
irn508645,1,0,end deviation in pdf,,,1,,,1,,1
irn510654,0,,,,,1,,,,,
irn511236,1,1,beginning deviation frfom pdf,,,1,,,,,1
irn504932,,,,,,0,,,,,
irn508631,,,,,,0,,,,,
irn511324,1,1,,,,1,,,,,
irn505558,0,1,questions and anawers not marked,,1,1,,,1,,1
irn509677,,,,,,0,,,,,
irn509674,,,,,,0,,,,,
irn509707,,,,,,0,,,,,
irn504533,,,,,,0,,,,,
irn514103,,,,,,0,,,,,
irn508472,,,,,,0,,,,,
irn515628,0,,,,,1,,,,,
irn509171,0,,,,,1,,,,,
irn41500,,,,,,0,,,,,
irn508686,0,,,,,1,,,,,
irn507576,,,,,,0,,,,,
irn519157,,,,,,,,,,,
irn503602,,,missing transcription,,,1,,,1,,
irn511353,1,1,large deviation from pdf,,1,1,,,,,1
irn58656,,,,,,0,,,,,
irn504812,,,,,,0,,,,,
irn47856,,0,missing parts of pdf,,,1,,,1,,
irn514873,,,,,,0,,,,,
irn42219,,,,,,0,,,,,
irn55166,,,,,,0,,,,,
irn506664,,,,,,0,,,,,
irn504838,,,,,,0,,,,,
irn511315,1,1,both issues in beginning and end,,,1,,,1,,1
irn45042,,,,,,0,,,,,
irn510635,1,1,,,,1,,,,,
irn515627,0,1,,,,1,,,,,
irn504902,,,,,,0,,,,,
irn90100,,,,,,0,,,,,
irn504802,1,,,,,1,,,,,
irn510744,,1,,,,1,,,,,
irn511246,1,1,large deviation from pdf,,,1,,,1,,1
irn508740,1,,end deviation from pdf,,,,,,,,
irn507553,,,,,,,,,,,
irn506729,,,,,,,,,,,
irn510627,1,1,missing last line of pdf,,,1,,,1,,
irn44160,0,,,,,1,,,,,
irn511055,1,1,"missing chunks of transcription, questions missing in pdf",,,1,,1,1,,
irn509086,,,,,,0,,,,,
irn506711,,,,,,,,,,,
irn510740,,,,,,0,,,,,
irn514871,,,,,,0,,,,,
irn504918,,0,missing parts of pdf,,,1,,,1,,
irn39024,,,,,,0,,,,,
irn39680,,,,,,0,,,,,
irn510476,,,,,,0,,,,,
irn510725,0,,,,,1,,,,,
irn505569,1,1,all around processing issues,,1,1,,,1,,1
irn41535,,,,,,0,,,,,
irn511293,1,1,large deviation from df,,,1,,,,,1
irn509174,,,,,,0,,,,,
irn511678,,,missing transcription and pdf,,,1,,,1,,
irn508699,,,,,,0,,,,,
irn38068,,,,,,0,,,,,
irn42727,,,missing chunks of trancsription,,,1,,,1,,
irn507478,0,0,,,,1,,,1,,1
irn509406,,,,,,0,,,,,
irn511240,1,1,beginning and end deviation from pdf,,,1,,,1,,1
irn508643,,,,,,,,,,,
irn504844,1,,,,,1,,,,,
irn511306,1,1,beginnig and end deviation from pdf,,,1,,,1,,1
irn511690,,,missing transcription and pdf,,,1,,,1,,
irn515634,0,,missing parts of transription,,1,,,,1,,
irn510608,1,1,,,,1,,,,,
irn42210,1,,,,,1,,,,,
irn514104,1,,end deviation from pdf,,,1,,,1,,
irn515645,0,,,,,1,,,,,
irn509088,1,1,both issues in end,,,1,,,1,,
irn504770,1,,,,,1,,,,,
irn507525,,,,,,0,,,,,
irn506759,1,,,,,1,,,,,
irn510485,1,,both issues in end,,,1,,,1,,
irn504898,1,,,,,1,,,,,
irn508258,,,,,,,,,,,
irn47383,,,,,,,,,,,
irn510652,1,0,,,,1,,,,,
irn506448,1,,,,,1,,,,,
irn509187,1,,both issues present in end,,,,,,1,,
irn507560,,,,,,,,,,,
irn509184,0,,,,,1,,,,,
irn504891,,,,,,0,,,,,
irn510618,1,1,both issues in end,,,1,,,1,,
irn504561,,,,,,,,,,,
irn36962,,,,,,0,,,,,
irn515580,,,,,,1,,,,,
irn509104,1,1,both issues in end,,,1,,,1,,
irn506693,,,,,,0,,,,,
irn508467,,,,,,0,,,,,
irn508462,,,,,,,,,,,
irn504837,1,,,,,1,,,,,
irn504888,,,,,,,,,,,
irn511693,,,,,,,,,,,
irn508259,,,,,,,,,,,
irn41508,,,,,,,,,,,
irn515648,,,,,,,,,,,
irn508651,,,,,,0,,,,,
irn510191,,,,,,0,,,,,
irn511283,1,1,,,,1,,,,,
irn510704,0,,,,,,,,,,
irn41520,,,,,,,,,,,
irn508666,1,0,beginning deviation from pdf,,,1,,,1,,
irn538184,,1,beginning deviation from pdf,,,1,,,1,,
irn512891,,,,,,,,,,,
irn504583,,,,,,,,,,,
irn511232,1,0,beginning and end deviation from pdf,,,1,,,1,,1
irn511210,1,1,ending of transcript isn't in ny of the pdfs,,,1,,,1,,
irn511022,,,,,,,,,,,
irn504892,,,,,,0,,,,,
irn504836,1,,end deviation from pdf,,,1,,,,,
irn510622,1,,end s not propper and cut off in trnscription,,,1,,,1,,
irn42020,,,,,,0,,,,,
irn510749,0,,,,,1,,,,,
irn508636,,,,,,,,,,,
irn74539,,,,,,0,,,,,
irn506778,,,,,,0,,,,,
irn510478,,,,,,,,,,,
irn504848,1,,end deviation from pdf,,,1,,,1,,
irn510692,1,,,,,1,,,,,
irn511031,1,1,missing chunks of the interview,,,1,,,1,,
irn508256,,,,,,0,,,,,
irn516009,,,,,,,,,,,
irn504666,,,,,,0,,,,,
irn509142,,1,,,,1,,,,,
irn514872,,,,,,0,,,,,
irn511308,1,1,large deviation from pdf,,,1,,,1,,1
irn515624,1,,,,,1,,,,,
irn517893,,,,,,0,,,,,
irn511316,1,1,large deviation from pdf,,,1,,,1,,1
irn509180,1,,end deviation from pdf,,,1,,,1,,
irn507577,,,,,,0,,,,,
irn510555,,,,,,0,,,,,
irn510712,1,,,,,1,,,,,
irn59196,,,,,1,1,,,,,
irn506756,,,,,,0,,,,,
irn509213,,,,,1,1,,,,,
irn504886,,,,,,,,,,,
irn508465,,,,,,0,,,,,
irn504863,1,,,,,1,,,,,
irn524114,1,,,,,1,,,,,
irn508718,0,,,,,1,,,,,
irn504833,1,1,,,,1,,,,,
irn76762,,,,,,,,,,,
irn516911,,,,,,,,,,,
irn510475,,,,,,,,,,,
irn511694,,,,,,,,,,,
irn514858,,,,,,,,,,,
irn510691,,,,,,,,,,,
irn506716,,,,,,,,,,,
irn506741,,,,,,,,,,,
irn508648,,,,,,,,,,,
irn79568,1,,,,,1,,,,,
irn511685,,,missing pdf and transcription,,,1,,,1,,
irn506659,,,,,,0,,,,,
irn507500,1,1,,,,1,,,,,1
irn511062,1,1,missing transcription,,,1,,,1,,
irn506492,1,1,large deviation from pdf,,,1,,,1,,
irn518604,1,,,,,1,,,,,
irn510644,1,,processing error also present in end,,,1,,,1,,
irn510621,1,1,both errors in end,,,1,,,1,,
irn509087,,,,,,0,,,,,
irn510628,1,1,both issues in end,,,1,,,1,,
irn504460,1,,missing last two lines of interview,,1,1,,,,,
irn516136,1,,,,1,,,,,,
irn510672,1,,both issues in end,,,1,,,1,,
irn508469,,,,,,0,,,,,
irn512294,1,,,,,1,,,,,
irn509226,,,,,,0,,,,,
irn76754,1,0,end deviation from pdf,,,1,1,1,,,
irn68793,,,,,,,,,,,
irn504451,,,,,,0,,,,,
irn506649,,,,,,0,,,,,
irn62054,,,no trnscription,,,1,,,1,,
irn510687,,,,,,0,,,,,
irn506629,,,,,,0,,,,,
irn508474,,,,,,0,,,,,
irn504453,,,,,,0,,,,,
irn504757,1,0,,,,1,,,,,
irn507295,,,,,,,,,,,
irn504930,,,,,,,,,,,
irn507580,,,,,,,,,,,
irn511233,,,,,,,,,,,
irn508677,,,,,,,,,,,
irn504811,,,,,,,,,,,
irn506706,,,,,,,,,,,
irn504763,,,,,,,,,,,
irn511187,,,,,,,,,,,
irn510639,1,1,both isues in end,,,1,,,1,,
irn513373,0,,,,,1,,,,,
irn41517,1,,,,,1,,,,,
irn504909,,,,,,0,,,,,
irn511309,1,1,beginning and end deviation from pdf,,,1,,,1,,1
irn511054,0,1,missing chunkss of pdf,,,1,,,1,,
irn509160,1,,both issues in end,,,1,,,1,,
irn506735,,,,,,0,,,,,
irn511348,,,,,,,,,,,
irn518526,,,,,,,,,,,
irn514241,,,,,,,,,,,
irn504805,,,,,,,,,,,
irn507448,0,0,deviation from pdf,,1,1,,,,,1
irn510983,,,,,,,,,,,
irn511228,1,1,beginning and end deviation from pdf,,,1,,,1,,1
irn508642,,,,,,,,,,,
irn508633,,,,,,,,,,,
irn508687,1,1,,,,1,,,,,
irn508665,,,,,,,,,,,
irn538199,,,,1,,1,,,,,1
irn514120,,,,,,,,,,,
irn504922,,,,,,,,,,,
irn508657,,,,,,,,,,,
irn504700,,,,,,,,,,,
irn514869,,,,,,,,,,,
irn504807,,,,,,,,,,,
irn510483,,,,,,,,,,,
irn509139,,,,,,,,,,,
irn504718,,,,,,,,,,,
irn509148,,,,,,,,,,,
irn38059,,,,,,,,,,,
irn504860,,,,,,,,,,,
irn504758,,,,,,,,,,,
irn506709,,,,,,,,,,,
irn507574,,,,,,,,,,,
irn507471,,,,,,,,,,,
irn62052,,,,,,,,,,,
irn510661,,,,,,,,,,,
irn43819,,,,,,,,,,,
irn516089,,,,,,,,,,,
irn506638,,,,,,,,,,,
irn508729,,,,,,,,,,,
irn508993,,,,,,,,,,,
irn504924,,,,,,,,,,,
irn508628,,,,,,,,,,,
irn504839,,,,,,,,,,,
irn504746,,,,,,,,,,,
irn509173,,,,,,,,,,,
irn510633,,,,,,,,,,,
irn504796,,,,,,,,,,,
irn531233,,,,,,,,,,,
irn510677,,,,,,,,,,,
irn41516,,,,,,,,,,,
irn511234,,,,,,,,,,,
irn511326,,,,,,,,,,,
irn509059,,,,,,,,,,,
irn504850,,,,,,,,,,,
irn511259,1,1,beginning and end deviation from pdf,,,1,,,1,,
irn513376,,,,,,0,,,,,
irn538198,,,,1,,1,,,,,1
irn511305,1,1,end deviation from pdf,,,1,,,1,,
irn507528,,,,,,0,,,,,
irn515008,,,,,,0,,,,,
irn504843,1,0,,,,1,,,,,
irn511029,1,0,"end deviation from pdf, missing chunks of transcript",,,1,,,1,,
irn41725,,,,,,0,,,,,
irn508717,,0,,,,1,,,,,
irn510473,1,,both issues in end,,1,1,,,1,,
irn510746,0,,,,,1,,,,,
irn510703,1,,both issues in end,,,1,,,1,,
irn40060,,,,,,,,,,,
irn504447,,,,,,,,,,,
irn506723,,,,,,,,,,,
irn515650,,,,,,,,,,,
irn45099,,,,,,,,,,,
irn515834,,,,,,,,,,,
irn510726,,,,,,,,,,,
irn506734,,,,,,,,,,,
irn509116,,,,,,,,,,,
irn511310,,,,,,,,,,,
irn510605,,,,,,,,,,,
irn504936,,,,,,,,,,,
irn510689,,,,,,,,,,,
irn511279,,,,,,,,,,,
irn504575,,,,,,,,,,,
irn82914,,,,,,,,,,,
irn504920,,,pdf not available,,,1,,,1,,
irn508659,0,,,,,1,,,,,
irn515153,,,,,,0,,,,,
irn511335,,,,,,,,,,,
irn514099,,,,,,0,,,,,
irn509107,,,,,,,,,,,
irn510469,0,0,,,,1,,,,,
irn505564,,,,,,,,,,,
irn510484,1,1,both issus in end,,,1,,,1,,
irn506724,1,,,,,1,,,,,
irn509176,,,,,,0,,,,,
irn87783,,,,,,,,,,,
irn511339,,,,,,,,,,,
irn507487,,,,,,,,,,,
irn510604,,,,,,,,,,,
irn510466,,,,,,,,,,,